{"count":1,"self":33.418175999999995,"total":34.096853599999996,"children":{"InitializeActuators":{"count":1,"self":0.003999,"total":0.003999,"children":null},"InitializeSensors":{"count":1,"self":0.0060022999999999995,"total":0.0060022999999999995,"children":null},"AgentSendState":{"count":1348,"self":0.032118,"total":0.049127,"children":{"CollectObservations":{"count":270,"self":0.0020204,"total":0.0020204,"children":null},"CollectDiscreteActionMasks":{"count":270,"self":0.00099129999999999986,"total":0.00099129999999999986,"children":null},"RequestDecision":{"count":270,"self":0.013997299999999999,"total":0.013997299999999999,"children":null}}},"DecideAction":{"count":1348,"self":0.5379276,"total":0.5712952,"children":{"RayPerceptionSensor.Perceive":{"count":540,"self":0.0333676,"total":0.0333676,"children":null}}},"AgentAct":{"count":1348,"self":0.046253699999999995,"total":0.046253699999999995,"children":null}},"gauges":{"PushBlock.CumulativeReward":{"count":19,"max":4.9938,"min":4.9746,"runningAverage":4.986274,"value":4.9856,"weightedAverage":4.984116}},"metadata":{"timer_format_version":"0.1.0","start_time_seconds":"1628077932","unity_version":"2020.3.14f1","command_line_arguments":"C:\\Program Files\\Unity\\Hub\\Editor\\2020.3.5f1\\Editor\\Unity.exe -projectpath D:\\Unity_repos\\Basketball_DeepLearning -useHub -hubIPC -cloudEnvironment production -hubSessionId 4f945a60-f50b-11eb-8fd2-d30e01973687","communication_protocol_version":"1.2.0","com.unity.ml-agents_version":"1.5.0-preview","scene_name":"PushBlock","end_time_seconds":"1628077966"}}